{"cameraMode":{"drawMode":0,"name":"Shaded","section":"Shading Mode"},"sceneLighting":true,"audioPlay":false,"sceneViewState":{"showFog":true,"showMaterialUpdate":false,"showSkybox":true,"showFlares":true,"showImageEffects":true,"showParticleSystems":true,"showVisualEffectGraphs":true,"m_FxEnabled":true},"in2DMode":false,"pivot":{"x":2.8951375484466554,"y":-18.66875648498535,"z":149.64236450195313},"rotation":{"x":-0.12735888361930848,"y":0.27383992075920107,"z":-0.036591120064258578,"w":-0.9526262879371643},"size":42.02944564819336,"orthographic":false}