{"cameraMode":{"drawMode":0,"name":"Shaded","section":"Shading Mode"},"sceneLighting":true,"audioPlay":false,"sceneViewState":{"showFog":true,"showMaterialUpdate":false,"showSkybox":true,"showFlares":true,"showImageEffects":true,"showParticleSystems":true,"showVisualEffectGraphs":true,"m_FxEnabled":true},"in2DMode":false,"pivot":{"x":54.05847930908203,"y":25.690786361694337,"z":34.74149703979492},"rotation":{"x":0.029663272202014924,"y":-0.970223069190979,"z":0.16640043258666993,"w":0.17451313138008119},"size":13.451931953430176,"orthographic":false}