{"cameraMode":{"drawMode":0,"name":"Shaded","section":"Shading Mode"},"sceneLighting":true,"audioPlay":false,"sceneViewState":{"showFog":true,"showMaterialUpdate":false,"showSkybox":true,"showFlares":true,"showImageEffects":true,"showParticleSystems":true,"showVisualEffectGraphs":true,"m_FxEnabled":true},"in2DMode":false,"pivot":{"x":87.38016510009766,"y":-86.3123779296875,"z":92.66810607910156},"rotation":{"x":0.6426608562469482,"y":0.0006239420617930591,"z":-0.00022275393712334335,"w":0.7663959264755249},"size":129.80580139160157,"orthographic":false}