{"cameraMode":{"drawMode":0,"name":"Shaded","section":"Shading Mode"},"sceneLighting":true,"audioPlay":false,"sceneViewState":{"m_AlwaysRefresh":false,"showFog":true,"showSkybox":true,"showFlares":true,"showImageEffects":true,"showParticleSystems":true,"showVisualEffectGraphs":true,"m_FxEnabled":true},"in2DMode":false,"pivot":{"x":89.06439208984375,"y":-80.39791107177735,"z":338.3883361816406},"rotation":{"x":-0.15979188680648805,"y":-0.06303625553846359,"z":0.010226419195532799,"w":-0.9850918054580689},"size":142.31642150878907,"orthographic":false}