{"cameraMode":{"drawMode":0,"name":"Shaded","section":"Shading Mode"},"sceneLighting":true,"audioPlay":false,"sceneViewState":{"showFog":true,"showMaterialUpdate":false,"showSkybox":true,"showFlares":true,"showImageEffects":true,"showParticleSystems":true,"showVisualEffectGraphs":true,"m_FxEnabled":true},"in2DMode":false,"pivot":{"x":109.56739044189453,"y":-14.937265396118164,"z":81.84049224853516},"rotation":{"x":0.28306496143341067,"y":0.4558745324611664,"z":-0.15543825924396516,"w":0.8294624090194702},"size":57.627357482910159,"orthographic":false}