{"cameraMode":{"drawMode":0,"name":"Shaded","section":"Shading Mode"},"sceneLighting":true,"audioPlay":false,"sceneViewState":{"showFog":true,"showMaterialUpdate":false,"showSkybox":true,"showFlares":true,"showImageEffects":true,"showParticleSystems":true,"showVisualEffectGraphs":true,"m_FxEnabled":true},"in2DMode":false,"pivot":{"x":106.32862091064453,"y":-2.9547348022460939,"z":96.08358764648438},"rotation":{"x":-0.16310420632362367,"y":0.8180888891220093,"z":-0.28205811977386477,"w":-0.47432976961135867},"size":27.488229751586915,"orthographic":false}