{"cameraMode":{"drawMode":0,"name":"Shaded","section":"Shading Mode"},"sceneLighting":true,"audioPlay":false,"sceneViewState":{"showFog":true,"showMaterialUpdate":false,"showSkybox":true,"showFlares":true,"showImageEffects":true,"showParticleSystems":true,"showVisualEffectGraphs":true,"m_FxEnabled":true},"in2DMode":false,"pivot":{"x":62.5281982421875,"y":10.754989624023438,"z":56.220115661621097},"rotation":{"x":-0.26559433341026308,"y":-0.10013435781002045,"z":0.027729878202080728,"w":-0.9585084915161133},"size":42.948699951171878,"orthographic":false}