{"cameraMode":{"drawMode":0,"name":"Shaded","section":"Shading Mode"},"sceneLighting":true,"audioPlay":false,"sceneViewState":{"m_AlwaysRefresh":false,"showFog":true,"showSkybox":true,"showFlares":true,"showImageEffects":true,"showParticleSystems":true,"showVisualEffectGraphs":true,"m_FxEnabled":true},"in2DMode":false,"pivot":{"x":26.822113037109376,"y":-43.334373474121097,"z":24.630504608154298},"rotation":{"x":-0.1510300636291504,"y":0.8339758515357971,"z":-0.27897366881370547,"w":-0.4514956474304199},"size":42.988670349121097,"orthographic":false}