{"cameraMode":{"drawMode":0,"name":"Shaded","section":"Shading Mode"},"sceneLighting":true,"audioPlay":false,"sceneViewState":{"showFog":true,"showMaterialUpdate":false,"showSkybox":true,"showFlares":true,"showImageEffects":true,"showParticleSystems":true,"showVisualEffectGraphs":true,"m_FxEnabled":true},"in2DMode":false,"pivot":{"x":70.01002502441406,"y":-3.3731162548065187,"z":106.58746337890625},"rotation":{"x":-0.1316802203655243,"y":0.06034408509731293,"z":-0.008030585944652558,"w":-0.9894336462020874},"size":29.619861602783204,"orthographic":false}