{"cameraMode":{"drawMode":0,"name":"Shaded","section":"Shading Mode"},"sceneLighting":true,"audioPlay":false,"sceneViewState":{"showFog":true,"showMaterialUpdate":false,"showSkybox":true,"showFlares":true,"showImageEffects":true,"showParticleSystems":true,"showVisualEffectGraphs":true,"m_FxEnabled":true},"in2DMode":false,"pivot":{"x":71.45954895019531,"y":9.229374885559082,"z":18.64710235595703},"rotation":{"x":0.22052277624607087,"y":-0.002292952500283718,"z":0.0006438296986743808,"w":0.9755723476409912},"size":15.880709648132325,"orthographic":false}