{"cameraMode":{"drawMode":0,"name":"Shaded","section":"Shading Mode"},"sceneLighting":true,"audioPlay":false,"sceneViewState":{"showFog":true,"showMaterialUpdate":false,"showSkybox":true,"showFlares":true,"showImageEffects":true,"showParticleSystems":true,"showVisualEffectGraphs":true,"m_FxEnabled":true},"in2DMode":false,"pivot":{"x":32.981971740722659,"y":-6.037896156311035,"z":96.15559387207031},"rotation":{"x":0.15385207533836366,"y":-0.46723902225494387,"z":0.08327386528253555,"w":0.8669041991233826},"size":17.826597213745118,"orthographic":false}